<metadata xml:lang="en"><Esri><CreaDate>20210910</CreaDate><CreaTime>13133100</CreaTime><ArcGISFormat>1.0</ArcGISFormat><SyncOnce>FALSE</SyncOnce><DataProperties><itemProps><itemName Sync="TRUE">Declarations_19722_Merge</itemName><imsContentType Sync="TRUE">002</imsContentType><itemSize Sync="TRUE">0.000</itemSize><itemLocation><linkage Sync="TRUE">file://\\internal\rradfs\group\Bushfire Recovery\Data and Reporting\ArcGIS Pro\Chris ArcGIS folder\2022 Floods Daily LGA Declaration Map\Declarations_19722_Merge.shp</linkage><protocol Sync="TRUE">Local Area Network</protocol></itemLocation></itemProps><coordRef><type Sync="TRUE">Geographic</type><geogcsn Sync="TRUE">GDA2020</geogcsn><csUnits Sync="TRUE">Angular Unit: Degree (0.017453)</csUnits><peXml Sync="TRUE">&lt;GeographicCoordinateSystem xsi:type='typens:GeographicCoordinateSystem' xmlns:xsi='http://www.w3.org/2001/XMLSchema-instance' xmlns:xs='http://www.w3.org/2001/XMLSchema' xmlns:typens='http://www.esri.com/schemas/ArcGIS/2.8.0'&gt;&lt;WKT&gt;GEOGCS[&amp;quot;GDA2020&amp;quot;,DATUM[&amp;quot;GDA2020&amp;quot;,SPHEROID[&amp;quot;GRS_1980&amp;quot;,6378137.0,298.257222101]],PRIMEM[&amp;quot;Greenwich&amp;quot;,0.0],UNIT[&amp;quot;Degree&amp;quot;,0.0174532925199433],AUTHORITY[&amp;quot;EPSG&amp;quot;,7844]]&lt;/WKT&gt;&lt;XOrigin&gt;-400&lt;/XOrigin&gt;&lt;YOrigin&gt;-400&lt;/YOrigin&gt;&lt;XYScale&gt;11258999068426.238&lt;/XYScale&gt;&lt;ZOrigin&gt;-100000&lt;/ZOrigin&gt;&lt;ZScale&gt;10000&lt;/ZScale&gt;&lt;MOrigin&gt;-100000&lt;/MOrigin&gt;&lt;MScale&gt;10000&lt;/MScale&gt;&lt;XYTolerance&gt;8.983152841195215e-09&lt;/XYTolerance&gt;&lt;ZTolerance&gt;0.001&lt;/ZTolerance&gt;&lt;MTolerance&gt;0.001&lt;/MTolerance&gt;&lt;HighPrecision&gt;true&lt;/HighPrecision&gt;&lt;LeftLongitude&gt;-180&lt;/LeftLongitude&gt;&lt;WKID&gt;7844&lt;/WKID&gt;&lt;LatestWKID&gt;7844&lt;/LatestWKID&gt;&lt;/GeographicCoordinateSystem&gt;</peXml></coordRef><lineage><Process ToolSource="c:\program files\arcgis\pro\Resources\ArcToolbox\toolboxes\Conversion Tools.tbx\FeatureClassToFeatureClass" Date="20210823" Time="102139">FeatureClassToFeatureClass "S:\Work\ASGS 2021 Datapacks\Non ABS Structures\Working Outputs\SHP\Interim files.gdb\LGA_2021_AUST_GDA2020" "S:\Work\ASGS 2021 Datapacks\Non ABS Structures\Working Outputs\SHP" LGA_2021_AUST_GDA2020.shp # "LGA_CODE21 "LGA_CODE21" true true false 5 Text 0 0,First,#,S:\Work\ASGS 2021 Datapacks\Non ABS Structures\Working Outputs\SHP\Interim files.gdb\LGA_2021_AUST_GDA2020,LGA_CODE21,0,5;LGA_NAME21 "LGA_NAME21" true true false 50 Text 0 0,First,#,S:\Work\ASGS 2021 Datapacks\Non ABS Structures\Working Outputs\SHP\Interim files.gdb\LGA_2021_AUST_GDA2020,LGA_NAME21,0,50;STE_CODE21 "STE_CODE21" true true false 1 Text 0 0,First,#,S:\Work\ASGS 2021 Datapacks\Non ABS Structures\Working Outputs\SHP\Interim files.gdb\LGA_2021_AUST_GDA2020,STE_CODE21,0,1;STE_NAME21 "STE_NAME21" true true false 50 Text 0 0,First,#,S:\Work\ASGS 2021 Datapacks\Non ABS Structures\Working Outputs\SHP\Interim files.gdb\LGA_2021_AUST_GDA2020,STE_NAME21,0,50;AUS_CODE21 "AUS_CODE21" true true false 3 Text 0 0,First,#,S:\Work\ASGS 2021 Datapacks\Non ABS Structures\Working Outputs\SHP\Interim files.gdb\LGA_2021_AUST_GDA2020,AUS_CODE21,0,3;AUS_NAME21 "AUS_NAME21" true true false 50 Text 0 0,First,#,S:\Work\ASGS 2021 Datapacks\Non ABS Structures\Working Outputs\SHP\Interim files.gdb\LGA_2021_AUST_GDA2020,AUS_NAME21,0,50;AREASQKM21 "AREASQKM21" true true false 8 Double 0 0,First,#,S:\Work\ASGS 2021 Datapacks\Non ABS Structures\Working Outputs\SHP\Interim files.gdb\LGA_2021_AUST_GDA2020,AREASQKM21,-1,-1;LOCI_URI21 "LOCI_URI21" true true false 254 Text 0 0,First,#,S:\Work\ASGS 2021 Datapacks\Non ABS Structures\Working Outputs\SHP\Interim files.gdb\LGA_2021_AUST_GDA2020,LOCI_URI21,0,254;SHAPE_Length "SHAPE_Length" false true true 8 Double 0 0,First,#,S:\Work\ASGS 2021 Datapacks\Non ABS Structures\Working Outputs\SHP\Interim files.gdb\LGA_2021_AUST_GDA2020,SHAPE_Length,-1,-1;SHAPE_Area "SHAPE_Area" false true true 8 Double 0 0,First,#,S:\Work\ASGS 2021 Datapacks\Non ABS Structures\Working Outputs\SHP\Interim files.gdb\LGA_2021_AUST_GDA2020,SHAPE_Area,-1,-1" #</Process><Process ToolSource="c:\program files\arcgis\pro\Resources\ArcToolbox\Toolboxes\Data Management Tools.tbx\CopyMultiple" Date="20210910" Time="131336">CopyMultiple "'S:\Work\ASGS 2021 Datapacks\Non ABS Structures\Working Outputs\SHP\ADD_2021_AUST_GDA94.shp' shapefile_polygon;'S:\Work\ASGS 2021 Datapacks\Non ABS Structures\Working Outputs\SHP\ADD_2021_AUST_GDA2020.shp' shapefile_polygon;'S:\Work\ASGS 2021 Datapacks\Non ABS Structures\Working Outputs\SHP\CED_2021_AUST_GDA94.shp' shapefile_polygon;'S:\Work\ASGS 2021 Datapacks\Non ABS Structures\Working Outputs\SHP\CED_2021_AUST_GDA2020.shp' shapefile_polygon;'S:\Work\ASGS 2021 Datapacks\Non ABS Structures\Working Outputs\SHP\DZN_2021_AUST_GDA94.shp' shapefile_polygon;'S:\Work\ASGS 2021 Datapacks\Non ABS Structures\Working Outputs\SHP\DZN_2021_AUST_GDA2020.shp' shapefile_polygon;'S:\Work\ASGS 2021 Datapacks\Non ABS Structures\Working Outputs\SHP\LGA_2021_AUST_GDA94.shp' shapefile_polygon;'S:\Work\ASGS 2021 Datapacks\Non ABS Structures\Working Outputs\SHP\LGA_2021_AUST_GDA2020.shp' shapefile_polygon;'S:\Work\ASGS 2021 Datapacks\Non ABS Structures\Working Outputs\SHP\POA_2021_AUST_GDA94.shp' shapefile_polygon;'S:\Work\ASGS 2021 Datapacks\Non ABS Structures\Working Outputs\SHP\POA_2021_AUST_GDA2020.shp' shapefile_polygon;'S:\Work\ASGS 2021 Datapacks\Non ABS Structures\Working Outputs\SHP\SAL_2021_AUST_GDA94.shp' shapefile_polygon;'S:\Work\ASGS 2021 Datapacks\Non ABS Structures\Working Outputs\SHP\SAL_2021_AUST_GDA2020.shp' shapefile_polygon;'S:\Work\ASGS 2021 Datapacks\Non ABS Structures\Working Outputs\SHP\SED_2021_AUST_GDA94.shp' shapefile_polygon;'S:\Work\ASGS 2021 Datapacks\Non ABS Structures\Working Outputs\SHP\SED_2021_AUST_GDA2020.shp' shapefile_polygon;'S:\Work\ASGS 2021 Datapacks\Non ABS Structures\Working Outputs\SHP\TR_2021_AUST_GDA94.shp' shapefile_polygon;'S:\Work\ASGS 2021 Datapacks\Non ABS Structures\Working Outputs\SHP\TR_2021_AUST_GDA2020.shp' shapefile_polygon" "S:\Work\ASGS 2021 Datapacks\Non ABS Structures\Final\SHP" ADD_2021_AUST_GDA94;ADD_2021_AUST_GDA2020;CED_2021_AUST_GDA94;CED_2021_AUST_GDA2020;DZN_2021_AUST_GDA94;DZN_2021_AUST_GDA2020;LGA_2021_AUST_GDA94;LGA_2021_AUST_GDA2020;POA_2021_AUST_GDA94;POA_2021_AUST_GDA2020;SAL_2021_AUST_GDA94;SAL_2021_AUST_GDA2020;SED_2021_AUST_GDA94;SED_2021_AUST_GDA2020;TR_2021_AUST_GDA94;TR_2021_AUST_GDA2020 "ADD_2021_AUST_GDA94 FeatureClass ADD_2021_AUST_GDA94.shp #;ADD_2021_AUST_GDA2020 FeatureClass ADD_2021_AUST_GDA2020.shp #;CED_2021_AUST_GDA94 FeatureClass CED_2021_AUST_GDA94.shp #;CED_2021_AUST_GDA2020 FeatureClass CED_2021_AUST_GDA2020.shp #;DZN_2021_AUST_GDA94 FeatureClass DZN_2021_AUST_GDA94.shp #;DZN_2021_AUST_GDA2020 FeatureClass DZN_2021_AUST_GDA2020.shp #;LGA_2021_AUST_GDA94 FeatureClass LGA_2021_AUST_GDA94.shp #;LGA_2021_AUST_GDA2020 FeatureClass LGA_2021_AUST_GDA2020.shp #;POA_2021_AUST_GDA94 FeatureClass POA_2021_AUST_GDA94.shp #;POA_2021_AUST_GDA2020 FeatureClass POA_2021_AUST_GDA2020.shp #;SAL_2021_AUST_GDA94 FeatureClass SAL_2021_AUST_GDA94.shp #;SAL_2021_AUST_GDA2020 FeatureClass SAL_2021_AUST_GDA2020.shp #;SED_2021_AUST_GDA94 FeatureClass SED_2021_AUST_GDA94.shp #;SED_2021_AUST_GDA2020 FeatureClass SED_2021_AUST_GDA2020.shp #;TR_2021_AUST_GDA94 FeatureClass TR_2021_AUST_GDA94.shp #;TR_2021_AUST_GDA2020 FeatureClass TR_2021_AUST_GDA2020.shp #"</Process><Process ToolSource="c:\program files\arcgis\pro\Resources\ArcToolbox\toolboxes\Conversion Tools.tbx\FeatureClassToFeatureClass" Date="20220719" Time="103644">FeatureClassToFeatureClass "NSW LGAs" "G:\Bushfire Recovery\Data and Reporting\ArcGIS Pro\Chris ArcGIS folder\2022 Floods Daily LGA Declaration Map\Daily Dashboard\July 22 flood map\Default.gdb" Declarations_19722 # "LGA_CODE21 "LGA_CODE21" true true false 5 Text 0 0,First,#,NSW LGAs,LGA_CODE21,0,5;LGA_NAME21 "LGA_NAME21" true true false 50 Text 0 0,First,#,NSW LGAs,LGA_NAME21,0,50;STE_CODE21 "STE_CODE21" true true false 1 Text 0 0,First,#,NSW LGAs,STE_CODE21,0,1;STE_NAME21 "STE_NAME21" true true false 50 Text 0 0,First,#,NSW LGAs,STE_NAME21,0,50;AUS_CODE21 "AUS_CODE21" true true false 3 Text 0 0,First,#,NSW LGAs,AUS_CODE21,0,3;AUS_NAME21 "AUS_NAME21" true true false 50 Text 0 0,First,#,NSW LGAs,AUS_NAME21,0,50;AREASQKM21 "AREASQKM21" true true false 19 Double 0 0,First,#,NSW LGAs,AREASQKM21,-1,-1;LOCI_URI21 "LOCI_URI21" true true false 254 Text 0 0,First,#,NSW LGAs,LOCI_URI21,0,254;SHAPE_Leng "SHAPE_Leng" true true false 19 Double 0 0,First,#,NSW LGAs,SHAPE_Leng,-1,-1;SHAPE_Area "SHAPE_Area" true true false 19 Double 0 0,First,#,NSW LGAs,SHAPE_Area,-1,-1" #</Process><Process ToolSource="c:\program files\arcgis\pro\Resources\ArcToolbox\toolboxes\Data Management Tools.tbx\Merge" Date="20220719" Time="103930">Merge Declarations_19722;NSW_declared_8July_Merge "G:\Bushfire Recovery\Data and Reporting\ArcGIS Pro\Chris ArcGIS folder\2022 Floods Daily LGA Declaration Map\Daily Dashboard\July 22 flood map\Default.gdb\Declarations_19722_Merge" "LGA_CODE21 "LGA_CODE21" true true false 5 Text 0 0,First,#,Declarations_19722,LGA_CODE21,0,5;LGA_NAME21 "LGA_NAME21" true true false 50 Text 0 0,First,#,Declarations_19722,LGA_NAME21,0,50;STE_CODE21 "STE_CODE21" true true false 1 Text 0 0,First,#,Declarations_19722,STE_CODE21,0,1;STE_NAME21 "STE_NAME21" true true false 50 Text 0 0,First,#,Declarations_19722,STE_NAME21,0,50;AUS_CODE21 "AUS_CODE21" true true false 3 Text 0 0,First,#,Declarations_19722,AUS_CODE21,0,3;AUS_NAME21 "AUS_NAME21" true true false 50 Text 0 0,First,#,Declarations_19722,AUS_NAME21,0,50;AREASQKM21 "AREASQKM21" true true false 8 Double 0 0,First,#,Declarations_19722,AREASQKM21,-1,-1;LOCI_URI21 "LOCI_URI21" true true false 254 Text 0 0,First,#,Declarations_19722,LOCI_URI21,0,254;SHAPE_Leng "SHAPE_Leng" true true false 8 Double 0 0,First,#,Declarations_19722,SHAPE_Leng,-1,-1;Shape_Length "Shape_Length" false true true 8 Double 0 0,First,#,Declarations_19722,Shape_Length,-1,-1;Shape_Area "Shape_Area" false true true 8 Double 0 0,First,#,Declarations_19722,Shape_Area,-1,-1;LGA_CODE21_1 "LGA_CODE21" true true false 5 Text 0 0,First,#,NSW_declared_8July_Merge,NSW_declared_8July_Merge.LGA_CODE21,0,5;LGA_NAME21_1 "LGA_NAME21" true true false 50 Text 0 0,First,#,NSW_declared_8July_Merge,NSW_declared_8July_Merge.LGA_NAME21,0,50;STE_CODE21_1 "STE_CODE21" true true false 1 Text 0 0,First,#,NSW_declared_8July_Merge,NSW_declared_8July_Merge.STE_CODE21,0,1;STE_NAME21_1 "STE_NAME21" true true false 50 Text 0 0,First,#,NSW_declared_8July_Merge,NSW_declared_8July_Merge.STE_NAME21,0,50;AUS_CODE21_1 "AUS_CODE21" true true false 3 Text 0 0,First,#,NSW_declared_8July_Merge,NSW_declared_8July_Merge.AUS_CODE21,0,3;AUS_NAME21_1 "AUS_NAME21" true true false 50 Text 0 0,First,#,NSW_declared_8July_Merge,NSW_declared_8July_Merge.AUS_NAME21,0,50;AREASQKM21_1 "AREASQKM21" true true false 8 Double 0 0,First,#,NSW_declared_8July_Merge,NSW_declared_8July_Merge.AREASQKM21,-1,-1;LOCI_URI21_1 "LOCI_URI21" true true false 254 Text 0 0,First,#,NSW_declared_8July_Merge,NSW_declared_8July_Merge.LOCI_URI21,0,254;SHAPE_Leng_1 "SHAPE_Leng" true true false 8 Double 0 0,First,#,NSW_declared_8July_Merge,NSW_declared_8July_Merge.SHAPE_Leng,-1,-1;Area_Ha "Area_Ha" true true false 8 Double 0 0,First,#,NSW_declared_8July_Merge,NSW_declared_8July_Merge.Area_Ha,-1,-1;Shape_Length_1 "Shape_Length" false true true 8 Double 0 0,First,#,NSW_declared_8July_Merge,NSW_declared_8July_Merge.Shape_Length,-1,-1;Shape_Area_1 "Shape_Area" false true true 8 Double 0 0,First,#,NSW_declared_8July_Merge,NSW_declared_8July_Merge.Shape_Area,-1,-1;OBJECTID__ "OBJECTID *" true true false 8 Double 0 0,First,#,NSW_declared_8July_Merge,Sheet1$.OBJECTID__,-1,-1;Shape__ "Shape *" true true false 255 Text 0 0,First,#,NSW_declared_8July_Merge,Sheet1$.Shape__,0,255;LGA_CODE21_12 "LGA_CODE21" true true false 8 Double 0 0,First,#,NSW_declared_8July_Merge,Sheet1$.LGA_CODE21,-1,-1;LGA_NAME21_12 "LGA_NAME21" true true false 255 Text 0 0,First,#,NSW_declared_8July_Merge,Sheet1$.LGA_NAME21,0,255;No__Disasters_Declared_since_Ju "No# Disasters Declared since July 2019" true true false 8 Double 0 0,First,#,NSW_declared_8July_Merge,Sheet1$.No__Disasters_Declared_since_Ju,-1,-1;F6 "F6" true true false 255 Text 0 0,First,#,NSW_declared_8July_Merge,Sheet1$.F6,0,255;F7 "F7" true true false 255 Text 0 0,First,#,NSW_declared_8July_Merge,Sheet1$.F7,0,255;F8 "F8" true true false 255 Text 0 0,First,#,NSW_declared_8July_Merge,Sheet1$.F8,0,255;F9 "F9" true true false 255 Text 0 0,First,#,NSW_declared_8July_Merge,Sheet1$.F9,0,255;F10 "F10" true true false 8 Double 0 0,First,#,NSW_declared_8July_Merge,Sheet1$.F10,-1,-1;F11 "F11" true true false 255 Text 0 0,First,#,NSW_declared_8July_Merge,Sheet1$.F11,0,255;ObjectID "ObjectID" false true false 4 Long 0 9,First,#,NSW_declared_8July_Merge,Sheet1$.ObjectID,-1,-1" NO_SOURCE_INFO</Process><Process ToolSource="c:\program files\arcgis\pro\Resources\ArcToolbox\toolboxes\Data Management Tools.tbx\UpdateSchema" Date="20220719" Time="104637">UpdateSchema "CIMDATA=&lt;CIMStandardDataConnection xsi:type='typens:CIMStandardDataConnection' xmlns:xsi='http://www.w3.org/2001/XMLSchema-instance' xmlns:xs='http://www.w3.org/2001/XMLSchema' xmlns:typens='http://www.esri.com/schemas/ArcGIS/2.8.0'&gt;&lt;WorkspaceConnectionString&gt;DATABASE=G:\Bushfire Recovery\Data and Reporting\ArcGIS Pro\Chris ArcGIS folder\2022 Floods Daily LGA Declaration Map\Daily Dashboard\July 22 flood map\Default.gdb&lt;/WorkspaceConnectionString&gt;&lt;WorkspaceFactory&gt;FileGDB&lt;/WorkspaceFactory&gt;&lt;Dataset&gt;Declarations_19722_Merge&lt;/Dataset&gt;&lt;DatasetType&gt;esriDTFeatureClass&lt;/DatasetType&gt;&lt;/CIMStandardDataConnection&gt;" &lt;operationSequence&gt;&lt;workflow&gt;&lt;DeleteField&gt;&lt;field_name&gt;LGA_CODE21&lt;/field_name&gt;&lt;field_name&gt;LGA_NAME21&lt;/field_name&gt;&lt;field_name&gt;STE_CODE21&lt;/field_name&gt;&lt;field_name&gt;STE_NAME21&lt;/field_name&gt;&lt;field_name&gt;AUS_CODE21&lt;/field_name&gt;&lt;field_name&gt;AUS_NAME21&lt;/field_name&gt;&lt;field_name&gt;AREASQKM21&lt;/field_name&gt;&lt;field_name&gt;LOCI_URI21&lt;/field_name&gt;&lt;field_name&gt;SHAPE_Leng&lt;/field_name&gt;&lt;/DeleteField&gt;&lt;/workflow&gt;&lt;/operationSequence&gt;</Process><Process ToolSource="c:\program files\arcgis\pro\Resources\ArcToolbox\toolboxes\Data Management Tools.tbx\UpdateSchema" Date="20220719" Time="105140">UpdateSchema "CIMDATA=&lt;CIMStandardDataConnection xsi:type='typens:CIMStandardDataConnection' xmlns:xsi='http://www.w3.org/2001/XMLSchema-instance' xmlns:xs='http://www.w3.org/2001/XMLSchema' xmlns:typens='http://www.esri.com/schemas/ArcGIS/2.8.0'&gt;&lt;WorkspaceConnectionString&gt;DATABASE=G:\Bushfire Recovery\Data and Reporting\ArcGIS Pro\Chris ArcGIS folder\2022 Floods Daily LGA Declaration Map\Daily Dashboard\July 22 flood map\Default.gdb&lt;/WorkspaceConnectionString&gt;&lt;WorkspaceFactory&gt;FileGDB&lt;/WorkspaceFactory&gt;&lt;Dataset&gt;Declarations_19722_Merge&lt;/Dataset&gt;&lt;DatasetType&gt;esriDTFeatureClass&lt;/DatasetType&gt;&lt;/CIMStandardDataConnection&gt;" &lt;operationSequence&gt;&lt;workflow&gt;&lt;DeleteField&gt;&lt;field_name&gt;F6&lt;/field_name&gt;&lt;field_name&gt;F7&lt;/field_name&gt;&lt;field_name&gt;F8&lt;/field_name&gt;&lt;field_name&gt;F9&lt;/field_name&gt;&lt;field_name&gt;F10&lt;/field_name&gt;&lt;field_name&gt;F11&lt;/field_name&gt;&lt;field_name&gt;ObjectID&lt;/field_name&gt;&lt;/DeleteField&gt;&lt;/workflow&gt;&lt;/operationSequence&gt;</Process><Process ToolSource="c:\program files\arcgis\pro\Resources\ArcToolbox\toolboxes\Data Management Tools.tbx\CopyFeatures" Date="20220720" Time="142746">CopyFeatures Declarations_19722_Merge "G:\Bushfire Recovery\Data and Reporting\ArcGIS Pro\Chris ArcGIS folder\2022 Floods Daily LGA Declaration Map\Declarations_19722_Merge.shp" # # # #</Process></lineage><copyHistory><copy source="S:\Work\ASGS 2021 Datapacks\Non ABS Structures\Working Outputs\SHP\LGA_2021_AUST_GDA2020" dest="\\corp\absdfs\workgroup\Geography\Work\ASGS 2021 Datapacks\Non ABS Structures\Final\SHP\LGA_2021_AUST_GDA2020" date="20210910" time="13133100"></copy></copyHistory></DataProperties><SyncDate>20220720</SyncDate><SyncTime>14272000</SyncTime><ModDate>20220720</ModDate><ModTime>14272000</ModTime></Esri><dataIdInfo><envirDesc Sync="TRUE">Microsoft Windows 10 Version 10.0 (Build 19042) ; Esri ArcGIS 12.8.0.29751</envirDesc><dataLang><languageCode value="eng" Sync="TRUE"></languageCode><countryCode value="AUS" Sync="TRUE"></countryCode></dataLang><idCitation><resTitle Sync="TRUE">Declarations_19722_Merge</resTitle><presForm><PresFormCd value="005" Sync="TRUE"></PresFormCd></presForm></idCitation><spatRpType><SpatRepTypCd value="001" Sync="TRUE"></SpatRepTypCd></spatRpType></dataIdInfo><mdLang><languageCode value="eng" Sync="TRUE"></languageCode><countryCode value="AUS" Sync="TRUE"></countryCode></mdLang><mdChar><CharSetCd value="004" Sync="TRUE"></CharSetCd></mdChar><distInfo><distFormat><formatName Sync="TRUE">Shapefile</formatName></distFormat><distTranOps><transSize Sync="TRUE">0.000</transSize></distTranOps></distInfo><mdHrLv><ScopeCd value="005" Sync="TRUE"></ScopeCd></mdHrLv><mdHrLvName Sync="TRUE">dataset</mdHrLvName><refSysInfo><RefSystem><refSysID><identCode code="7844" Sync="TRUE"></identCode><idCodeSpace Sync="TRUE">EPSG</idCodeSpace><idVersion Sync="TRUE">8.9.4(10.5.0)</idVersion></refSysID></RefSystem></refSysInfo><spatRepInfo><VectSpatRep><geometObjs Name="Declarations_19722_Merge"><geoObjTyp><GeoObjTypCd value="002" Sync="TRUE"></GeoObjTypCd></geoObjTyp><geoObjCnt Sync="TRUE">0</geoObjCnt></geometObjs><topLvl><TopoLevCd value="001" Sync="TRUE"></TopoLevCd></topLvl></VectSpatRep></spatRepInfo><spdoinfo><ptvctinf><esriterm Name="Declarations_19722_Merge"><efeatyp Sync="TRUE">Simple</efeatyp><efeageom code="4" Sync="TRUE"></efeageom><esritopo Sync="TRUE">FALSE</esritopo><efeacnt Sync="TRUE">0</efeacnt><spindex Sync="TRUE">FALSE</spindex><linrefer Sync="TRUE">FALSE</linrefer></esriterm></ptvctinf></spdoinfo><eainfo><detailed Name="Declarations_19722_Merge"><enttyp><enttypl Sync="TRUE">Declarations_19722_Merge</enttypl><enttypt Sync="TRUE">Feature Class</enttypt><enttypc Sync="TRUE">0</enttypc></enttyp><attr><attrlabl Sync="TRUE">FID</attrlabl><attalias Sync="TRUE">FID</attalias><attrtype Sync="TRUE">OID</attrtype><attwidth Sync="TRUE">4</attwidth><atprecis Sync="TRUE">0</atprecis><attscale Sync="TRUE">0</attscale><attrdef Sync="TRUE">Internal feature number.</attrdef><attrdefs Sync="TRUE">Esri</attrdefs><attrdomv><udom Sync="TRUE">Sequential unique whole numbers that are automatically generated.</udom></attrdomv></attr><attr><attrlabl Sync="TRUE">Shape</attrlabl><attalias Sync="TRUE">Shape</attalias><attrtype Sync="TRUE">Geometry</attrtype><attwidth Sync="TRUE">0</attwidth><atprecis Sync="TRUE">0</atprecis><attscale Sync="TRUE">0</attscale><attrdef Sync="TRUE">Feature geometry.</attrdef><attrdefs Sync="TRUE">Esri</attrdefs><attrdomv><udom Sync="TRUE">Coordinates defining the features.</udom></attrdomv></attr><attr><attrlabl Sync="TRUE">LGA_CODE21</attrlabl><attalias Sync="TRUE">LGA_CODE21</attalias><attrtype Sync="TRUE">String</attrtype><attwidth Sync="TRUE">5</attwidth><atprecis Sync="TRUE">0</atprecis><attscale Sync="TRUE">0</attscale></attr><attr><attrlabl Sync="TRUE">LGA_NAME21</attrlabl><attalias Sync="TRUE">LGA_NAME21</attalias><attrtype Sync="TRUE">String</attrtype><attwidth Sync="TRUE">50</attwidth><atprecis Sync="TRUE">0</atprecis><attscale Sync="TRUE">0</attscale></attr><attr><attrlabl Sync="TRUE">STE_CODE21</attrlabl><attalias Sync="TRUE">STE_CODE21</attalias><attrtype Sync="TRUE">String</attrtype><attwidth Sync="TRUE">1</attwidth><atprecis Sync="TRUE">0</atprecis><attscale Sync="TRUE">0</attscale></attr><attr><attrlabl Sync="TRUE">STE_NAME21</attrlabl><attalias Sync="TRUE">STE_NAME21</attalias><attrtype Sync="TRUE">String</attrtype><attwidth Sync="TRUE">50</attwidth><atprecis Sync="TRUE">0</atprecis><attscale Sync="TRUE">0</attscale></attr><attr><attrlabl Sync="TRUE">AUS_CODE21</attrlabl><attalias Sync="TRUE">AUS_CODE21</attalias><attrtype Sync="TRUE">String</attrtype><attwidth Sync="TRUE">3</attwidth><atprecis Sync="TRUE">0</atprecis><attscale Sync="TRUE">0</attscale></attr><attr><attrlabl Sync="TRUE">AUS_NAME21</attrlabl><attalias Sync="TRUE">AUS_NAME21</attalias><attrtype Sync="TRUE">String</attrtype><attwidth Sync="TRUE">50</attwidth><atprecis Sync="TRUE">0</atprecis><attscale Sync="TRUE">0</attscale></attr><attr><attrlabl Sync="TRUE">AREASQKM21</attrlabl><attalias Sync="TRUE">AREASQKM21</attalias><attrtype Sync="TRUE">Double</attrtype><attwidth Sync="TRUE">19</attwidth><atprecis Sync="TRUE">0</atprecis><attscale Sync="TRUE">0</attscale></attr><attr><attrlabl Sync="TRUE">LOCI_URI21</attrlabl><attalias Sync="TRUE">LOCI_URI21</attalias><attrtype Sync="TRUE">String</attrtype><attwidth Sync="TRUE">254</attwidth><atprecis Sync="TRUE">0</atprecis><attscale Sync="TRUE">0</attscale></attr><attr><attrlabl Sync="TRUE">Area_Ha</attrlabl><attalias Sync="TRUE">Area_Ha</attalias><attrtype Sync="TRUE">Double</attrtype><attwidth Sync="TRUE">19</attwidth><atprecis Sync="TRUE">0</atprecis><attscale Sync="TRUE">0</attscale></attr><attr><attrlabl Sync="TRUE">OBJECTID__</attrlabl><attalias Sync="TRUE">OBJECTID__</attalias><attrtype Sync="TRUE">Double</attrtype><attwidth Sync="TRUE">19</attwidth><atprecis Sync="TRUE">0</atprecis><attscale Sync="TRUE">0</attscale></attr><attr><attrlabl Sync="TRUE">Shape_Le_1</attrlabl><attalias Sync="TRUE">Shape_Le_1</attalias><attrtype Sync="TRUE">Double</attrtype><attwidth Sync="TRUE">19</attwidth><atprecis Sync="TRUE">0</atprecis><attscale Sync="TRUE">0</attscale></attr><attr><attrlabl Sync="TRUE">Shape__</attrlabl><attalias Sync="TRUE">Shape__</attalias><attrtype Sync="TRUE">String</attrtype><attwidth Sync="TRUE">254</attwidth><atprecis Sync="TRUE">0</atprecis><attscale Sync="TRUE">0</attscale></attr><attr><attrlabl Sync="TRUE">SHAPE_Leng</attrlabl><attalias Sync="TRUE">SHAPE_Leng</attalias><attrtype Sync="TRUE">Double</attrtype><attwidth Sync="TRUE">19</attwidth><atprecis Sync="TRUE">0</atprecis><attscale Sync="TRUE">0</attscale></attr><attr><attrlabl Sync="TRUE">SHAPE_Area</attrlabl><attalias Sync="TRUE">Shape_Area</attalias><attrtype Sync="TRUE">Double</attrtype><attwidth Sync="TRUE">19</attwidth><atprecis Sync="TRUE">0</atprecis><attscale Sync="TRUE">0</attscale><attrdef Sync="TRUE">Area of feature in internal units squared.</attrdef><attrdefs Sync="TRUE">Esri</attrdefs><attrdomv><udom Sync="TRUE">Positive real numbers that are automatically generated.</udom></attrdomv></attr><attr><attrlabl Sync="TRUE">LGA_CODE_1</attrlabl><attalias Sync="TRUE">LGA_CODE_1</attalias><attrtype Sync="TRUE">Double</attrtype><attwidth Sync="TRUE">19</attwidth><atprecis Sync="TRUE">0</atprecis><attscale Sync="TRUE">0</attscale></attr><attr><attrlabl Sync="TRUE">LGA_NAME_1</attrlabl><attalias Sync="TRUE">LGA_NAME_1</attalias><attrtype Sync="TRUE">String</attrtype><attwidth Sync="TRUE">254</attwidth><atprecis Sync="TRUE">0</atprecis><attscale Sync="TRUE">0</attscale></attr><attr><attrlabl Sync="TRUE">No__Disast</attrlabl><attalias Sync="TRUE">No__Disast</attalias><attrtype Sync="TRUE">Double</attrtype><attwidth Sync="TRUE">19</attwidth><atprecis Sync="TRUE">0</atprecis><attscale Sync="TRUE">0</attscale></attr><attr><attrlabl Sync="TRUE">Shape_Le_2</attrlabl><attalias Sync="TRUE">Shape_Le_2</attalias><attrtype Sync="TRUE">Double</attrtype><attwidth Sync="TRUE">19</attwidth><atprecis Sync="TRUE">0</atprecis><attscale Sync="TRUE">0</attscale></attr><attr><attrlabl Sync="TRUE">Shape_Ar_1</attrlabl><attalias Sync="TRUE">Shape_Ar_1</attalias><attrtype Sync="TRUE">Double</attrtype><attwidth Sync="TRUE">19</attwidth><atprecis Sync="TRUE">0</atprecis><attscale Sync="TRUE">0</attscale></attr></detailed></eainfo><mdDateSt Sync="TRUE">20220720</mdDateSt></metadata>
